Species,qAddress
Shamel Ash: Evergreen Ash,50 Francisco St
Shamel Ash: Evergreen Ash,802X Webster St
Shamel Ash: Evergreen Ash,900 Waller St
Shamel Ash: Evergreen Ash,3561 21st St
Japanese Privet,680 Guerrero St
Edible Loquat,62 Tomaso Ct
Shamel Ash: Evergreen Ash,677 Fulton St
Spruce Spp,488 Ralston St
English laurel,1549 15th Ave
Japanese Privet,14 Cumberland St
Silver Maple,1401x Broadway
Edible Loquat,602 Arthur Ave
Edible Loquat,1850 Alabama St
Silver Maple,439 Greenwich St
Shamel Ash: Evergreen Ash,1200 San Bruno Ave
Edible Loquat,601X Powhattan Ave
Japanese Privet,580 North Point St
Edible Loquat,154 20th Ave
Shamel Ash: Evergreen Ash,639 16th Ave
Japanese Privet,106 15th Ave
Silver Maple,253 Sanchez St
Japanese Privet,1609 Dolores St
Shamel Ash: Evergreen Ash,500 Illinois St
Silver Maple,266 Funston Ave
Japanese Privet,44 Montgomery St
Silver Maple,123 San Jose Ave
Shamel Ash: Evergreen Ash,500X Masonic Ave
Edible Loquat,680X 39th Ave
Shamel Ash: Evergreen Ash,299X Noe St
Shamel Ash: Evergreen Ash,1601 Webster St
Shamel Ash: Evergreen Ash,500 Valley St
Edible Loquat,50 Quint St
Edible Loquat,171 Flood Ave
Shamel Ash: Evergreen Ash,900X Webster St
Edible Loquat,950 Corbett Ave
Japanese Privet,9 Sumner St
Japanese Privet,1714 Filbert St
Shamel Ash: Evergreen Ash,450 Amador St
Japanese Privet,574 Vermont St
Japanese Privet,2857 Union St
Shamel Ash: Evergreen Ash,281 Noe St
Silver Maple,1850 Page St
Edible Loquat,87 Seneca Ave
Japanese Privet,44 Montgomery St
Edible Loquat,1838 Alabama St
Shamel Ash: Evergreen Ash,631 FULTON ST
Shamel Ash: Evergreen Ash,217 Harbor Rd
Shamel Ash: Evergreen Ash,1201 Utah St
Shamel Ash: Evergreen Ash,1101 Page St
Shamel Ash: Evergreen Ash,2525 Judah St
Shamel Ash: Evergreen Ash,1160 Webster St
Shamel Ash: Evergreen Ash,1310 Indiana St
Silver Maple,15 Hearst Ave
Silver Maple,15 Hearst Ave
Edible Loquat,1501 Quint St
Shamel Ash: Evergreen Ash,1201 Utah St
Edible Loquat,35 Tomaso Ct
Japanese Privet,508 Stockton St
English laurel,130 Cabrillo St
Shamel Ash: Evergreen Ash,1401 WEBSTER ST
Shamel Ash: Evergreen Ash,918 Alabama St
Shamel Ash: Evergreen Ash,50 Francisco St
Japanese Privet,557 27th Ave
Shamel Ash: Evergreen Ash,3426 20th St
Shamel Ash: Evergreen Ash,677 FULTON ST
Spruce Spp,1151 Pacheco St
Silver Maple,471 Alvarado St
Silver Maple,3014 Washington St
Japanese Privet,33 Guerrero St
Shamel Ash: Evergreen Ash,1715 Webster St
Edible Loquat,3213 21st St
Shamel Ash: Evergreen Ash,1201 Utah St
Shamel Ash: Evergreen Ash,159 Noe St
Shamel Ash: Evergreen Ash,1300 Webster St
Shamel Ash: Evergreen Ash,1266 Vermont St
Edible Loquat,1519 Pacific Ave
Edible Loquat,775 London St
Spruce Spp,445 Dewey Blvd
Shamel Ash: Evergreen Ash,2610 Clay St
Shamel Ash: Evergreen Ash,1 25th St
Shamel Ash: Evergreen Ash,1156 Masonic Ave
Silver Maple,15 Hearst Ave
Spruce Spp,252 Alma St
Shamel Ash: Evergreen Ash,918 Alabama St
Japanese Privet,15 Merrill St
Shamel Ash: Evergreen Ash,1716 Webster St
Shamel Ash: Evergreen Ash,150 Noe St
Shamel Ash: Evergreen Ash,500 Illinois St
Silver Maple,1401X Broadway
Silver Maple,1510 Portola Dr
Shamel Ash: Evergreen Ash,145 Vasquez Ave
Edible Loquat,130 Alpha St
Japanese Privet,1360 Rhode Island St
Shamel Ash: Evergreen Ash,2610 Clay St
Edible Loquat,1745 Folsom St
Shamel Ash: Evergreen Ash,681 FULTON ST
Edible Loquat,2745 Larkin St
Edible Loquat,1427x Innes Ave
Silver Maple,1351X Broadway
Shamel Ash: Evergreen Ash,200 Noe St
Edible Loquat,3125 Jennings St
English laurel,1174 Goettingen St
Japanese Privet,767 44th Ave
Shamel Ash: Evergreen Ash,201 Harbor Rd
Shamel Ash: Evergreen Ash,1003 WEBSTER ST
Shamel Ash: Evergreen Ash,1160 Webster St
Edible Loquat,195 Rome St
Shamel Ash: Evergreen Ash,1710X Webster St
Shamel Ash: Evergreen Ash,646 16th Ave
Silver Maple,1351X Broadway
Shamel Ash: Evergreen Ash,1615 Webster St
Silver Maple,850 Valencia St
Shamel Ash: Evergreen Ash,848 Webster St
Shamel Ash: Evergreen Ash,1101 Page St
Edible Loquat,137 20th Ave
Silver Maple,1351X Broadway
Shamel Ash: Evergreen Ash,1661 Green St
Shamel Ash: Evergreen Ash,1400 Shrader St
Edible Loquat,195 Rome St
Edible Loquat,1838 Alabama St
Shamel Ash: Evergreen Ash,20 Liberty St
Edible Loquat,1519 Pacific Ave
Japanese Privet,31 HIDALGO TER
Edible Loquat,979 Le Conte Ave
Shamel Ash: Evergreen Ash,500X Masonic Ave
Japanese Privet,2256 Hyde St
Shamel Ash: Evergreen Ash,1631 Webster St
Shamel Ash: Evergreen Ash,501 Junipero Serra Blvd
Shamel Ash: Evergreen Ash,1200 San Bruno Ave
Shamel Ash: Evergreen Ash,1310 Indiana St
Shamel Ash: Evergreen Ash,1 25th St
Japanese Privet,90 Bay View St
Edible Loquat,2400 Golden Gate Ave
Shamel Ash: Evergreen Ash,1710X Webster St
Shamel Ash: Evergreen Ash,701 Masonic Ave
English laurel,1998 Jefferson St
Japanese Privet,508 Stockton St
Japanese Privet,649 Hamilton St
Shamel Ash: Evergreen Ash,1211 Masonic Ave
Silver Maple,1245 Bacon St
Shamel Ash: Evergreen Ash,780 Webster St
Silver Maple,660 Mississippi St
Shamel Ash: Evergreen Ash,154 Coleridge St
Honey Locust 'Shademaster',2882 23rd St
Shamel Ash: Evergreen Ash,1630X Webster St
Shamel Ash: Evergreen Ash,198 Noe St
Edible Loquat,499X Ogden Ave
Shamel Ash: Evergreen Ash,730 11th Ave
Spruce Spp,1151 Pacheco St
English laurel,177 Grand View Ave
Shamel Ash: Evergreen Ash,50 Hudson Ave
Shamel Ash: Evergreen Ash,1160 Masonic Ave
Spruce Spp,2000 16th Ave
Japanese Privet,240 07th St
Edible Loquat,251 De Long St
Shamel Ash: Evergreen Ash,455 Alabama St
Shamel Ash: Evergreen Ash,718 Cole St
Japanese Privet,22 Robblee Ave
Edible Loquat,3623 Irving St
Shamel Ash: Evergreen Ash,701X Masonic Ave
Japanese Privet,145 Coso Ave
Edible Loquat,378 Victoria St
Shamel Ash: Evergreen Ash,856 Webster St
Japanese Privet,410 Valley St
Silver Maple,15 Hearst Ave
Japanese Privet,2730 Lyon St
Shamel Ash: Evergreen Ash,500 Illinois St
Shamel Ash: Evergreen Ash,1401 WEBSTER ST
Edible Loquat,345 Arguello Blvd
Shamel Ash: Evergreen Ash,676 Pine St
Japanese Privet,2399 Lane St
Shamel Ash: Evergreen Ash,765 Lakeview Ave
Japanese Privet,500 Funston Ave
Shamel Ash: Evergreen Ash,1401 WEBSTER ST
Shamel Ash: Evergreen Ash,900 Waller St
Shamel Ash: Evergreen Ash,1401 WEBSTER ST
Shamel Ash: Evergreen Ash,1167 Masonic Ave
Silver Maple,1401X Broadway
Silver Maple,425 14th St
Shamel Ash: Evergreen Ash,701X Masonic Ave
Japanese Privet,524 15th Ave
Edible Loquat,1525 Florida St
Edible Loquat,2301 19th St
Spruce Spp,1151 Pacheco St
Shamel Ash: Evergreen Ash,1415 Eddy St
Shamel Ash: Evergreen Ash,1280 WEBSTER ST
English laurel,300x Winding Way
Silver Maple,1401X Broadway
Japanese Privet,125 Goettingen St
Shamel Ash: Evergreen Ash,1730 Webster St
Shamel Ash: Evergreen Ash,646 16th Ave
Shamel Ash: Evergreen Ash,281 Noe St
Shamel Ash: Evergreen Ash,1370 WEBSTER ST
Japanese Privet,566 Bush St
Shamel Ash: Evergreen Ash,101 Baker St
Silver Maple,268 07th St
Edible Loquat,300 Greenwich St
Edible Loquat,35 Tomaso Ct
Shamel Ash: Evergreen Ash,701X Masonic Ave
Shamel Ash: Evergreen Ash,703 Webster St
Shamel Ash: Evergreen Ash,1407 Eddy St
Silver Maple,2485X California St
Shamel Ash: Evergreen Ash,190 Coleridge St
Shamel Ash: Evergreen Ash,1401 WEBSTER ST
Shamel Ash: Evergreen Ash,911 WEBSTER ST
Edible Loquat,126 Brighton Ave
Edible Loquat,245 Kalmanovitz St
Edible Loquat,916 Ortega St
Shamel Ash: Evergreen Ash,185X Noe St
Edible Loquat,1100 San Jose Ave
Shamel Ash: Evergreen Ash,500 Illinois St
Shamel Ash: Evergreen Ash,101 Baker St
Shamel Ash: Evergreen Ash,1620 Webster St
Silver Maple,1401X Broadway
Edible Loquat,94 MacOndray Ln
Shamel Ash: Evergreen Ash,900 Waller St
Edible Loquat,179 Niagara Ave
Edible Loquat,916 Ortega St
Shamel Ash: Evergreen Ash,21 Beaver St
Japanese Privet,3223 Webster St
Shamel Ash: Evergreen Ash,708 Cole St
Japanese Privet,586 Bush St
Shamel Ash: Evergreen Ash,1140 Webster St
Shamel Ash: Evergreen Ash,1242 Church St
Shamel Ash: Evergreen Ash,1219X Masonic Ave
Shamel Ash: Evergreen Ash,201 Noe St
Spruce Spp,281 Tocoloma Ave
Shamel Ash: Evergreen Ash,500 Illinois St
Shamel Ash: Evergreen Ash,229 Coleridge St
Shamel Ash: Evergreen Ash,44 Liberty St
Shamel Ash: Evergreen Ash,1155X Webster St
Shamel Ash: Evergreen Ash,403 Clayton St
Honey Locust 'Shademaster',10 Arkansas St
Shamel Ash: Evergreen Ash,80 Hudson Ave
Spruce Spp,2460 Lyon St
Shamel Ash: Evergreen Ash,163 Lyon St
Shamel Ash: Evergreen Ash,1200 San Bruno Ave
Japanese Privet,235 Ottawa Ave
Shamel Ash: Evergreen Ash,1310 Indiana St
Edible Loquat,70 Waltham St
Edible Loquat,1565 Bacon St
Japanese Privet,1040 Greenwich St
